{
    "os": "Linux-5.11.0-34-generic-x86_64-with-debian-bullseye-sid",
    "python": "3.7.11",
    "heartbeatAt": "2021-09-17T13:47:01.697225",
    "startedAt": "2021-09-17T13:46:59.749445",
    "docker": null,
    "gpu": "NVIDIA GeForce RTX 3060",
    "gpu_count": 1,
    "cpu_count": 6,
    "cuda": null,
    "args": [
        "-f",
        "/home/indika/.local/share/jupyter/runtime/kernel-b286e7bf-5639-41e9-b90d-0c64c3abb1d6.json"
    ],
    "state": "running",
    "program": "00.ipynb",
    "root": "/home/indika/Programming/Projects/Python/Artifical-Intelligence/PyTorch/RNN",
    "git": {
        "remote": "https://github.com/Programmer-RD-AI/Microsoft-Stock-Price-Prediction-Learning-RNN.git",
        "commit": "1ef2e36a5ca3746f4dcbc7c497999a7538b48aac"
    },
    "email": "aigithub@gmail.com",
    "host": "programmer-rd-ai",
    "username": "indika",
    "executable": "/home/indika/anaconda3/bin/python"
}
